Created,Name,Email address,Source,Form,Channel,Stage,Owner,Labels,Phone,Secondary phone number
08/21/2024 3:31am,Nanken Mishra,,Paid,,Messenger,Intake,Unassigned,"Intake,Ad response,ad_id.120210140001030424,messenger_ads",,
08/10/2024 12:18am,Rohit Rohit Btari,,Paid,,Messenger,Intake,Unassigned,"Intake,ad_id.120210140001030424,Ad response,messenger_ads",,
08/06/2024 2:53am,Rahul Awasthi,,Paid,,Messenger,Intake,Unassigned,"Intake,ad_id.120210140001030424,messenger_ads,Ad response",,
08/05/2024 10:22pm,Rakesh Rawat,,Paid,,Messenger,Intake,Unassigned,"Intake,ad_id.120210140001030424,Ad response,messenger_ads",,
08/01/2024 10:13am,Imran Ali,,Paid,,Messenger,Intake,Unassigned,"Intake,ad_id.120210140001030424,Ad response,messenger_ads",,
08/01/2024 9:33am,देवेन्द्र सिंह रावत,,Paid,,Messenger,Intake,Unassigned,"Intake,ad_id.120210140001030424,Ad response,messenger_ads",,
08/01/2024 8:06am,Tarun Mahor,,Paid,,Messenger,Intake,Unassigned,"Intake,ad_id.120210140001030424,messenger_ads,Ad response",,
08/01/2024 7:38am,Rahul Bhai,,Paid,,Messenger,Intake,Unassigned,"Intake,ad_id.120210140001030424,messenger_ads,Ad response",,
08/01/2024 6:16am,Har Har Mahadev,,Paid,,Messenger,Intake,Unassigned,"Intake,ad_id.120210140001030424,messenger_ads,Ad response",,
08/01/2024 3:21am,अवधेश चौरसिया अवधेश चौरसिया,,Paid,,Messenger,Intake,Unassigned,"Intake,ad_id.120210140001030424,messenger_ads,Ad response",,
08/01/2024 3:07am,D R Nisha Chak,,Paid,,Messenger,Intake,Unassigned,"Intake,ad_id.120210140001030424,Ad response,messenger_ads",+919105703195,
07/31/2024 11:11pm,Arati Varma Varma,,Paid,,Messenger,Intake,Unassigned,"Intake,ad_id.120210140001030424,messenger_ads,Ad response",,
07/31/2024 10:46pm,C P Singh,,Paid,,Messenger,Intake,Unassigned,"Intake,Ad response,ad_id.120210140001030424,messenger_ads",,
07/31/2024 10:02pm,Iqbal Mohammed Iqbal,,Paid,,Messenger,Intake,Unassigned,"Intake,ad_id.120210140001030424,messenger_ads,Ad response",,
07/31/2024 9:03pm,Puja Chouhan,,Paid,,Messenger,Intake,Unassigned,"Intake,ad_id.120210140001030424,Ad response,messenger_ads",,
07/31/2024 8:40pm,Pushpa Suthame,,Paid,,Messenger,Intake,Unassigned,"Intake,ad_id.120210140001030424,Ad response,messenger_ads",,
07/31/2024 7:02pm,Pradeep Dubey,,Paid,,Messenger,Intake,Unassigned,"Intake,ad_id.120210140001030424,messenger_ads,Ad response",,
07/31/2024 11:43am,Arvind Kumar,,Paid,,Messenger,Intake,Unassigned,"Intake,ad_id.120210140001030424,Ad response,messenger_ads",,
07/31/2024 11:43am,Adnan An,,Paid,,Messenger,Intake,Unassigned,"Intake,ad_id.120210140001030424,messenger_ads,Ad response",,
07/31/2024 11:11am,Vicky Sharma,,Paid,,Messenger,Intake,Unassigned,"Intake,ad_id.120210140001030424,Ad response,messenger_ads",,
07/31/2024 10:38am,केवलराम केवलरम,,Paid,,Messenger,Intake,Unassigned,"Intake,ad_id.120210140001030424,messenger_ads,Ad response",,
07/31/2024 10:34am,Pradip Chauhan,,Paid,,Messenger,Intake,Unassigned,"Intake,ad_id.120210140001030424,messenger_ads,Ad response",,
07/31/2024 10:15am,Sajit Kumar,,Paid,,Messenger,Intake,Unassigned,"Intake,Ad response,ad_id.120210140001030424,messenger_ads",,
07/31/2024 10:04am,Chetna Tiware,,Paid,,Messenger,Intake,Unassigned,"Intake,ad_id.120210140001030424,Ad response,messenger_ads",,
07/31/2024 2:14am,Rajesh Kumar Rajesh,,Paid,,Messenger,Intake,Unassigned,"Ordered,Intake,ad_id.120210140001030424,messenger_ads,messenger_ads,Ad response",,